module,type,name,res_id,src,value,comments
hubkilo_website,model,"ir.model,name",hubkilo_website.model_m1st_hk_roadshipping_travelbooking,Booking of travels,Booking of travels,
hubkilo_website,model,"ir.model,name",hubkilo_website.model_m1st_hk_roadshipping_travelmessage,Messaging Model,Messaging Model,
hubkilo_website,model,"ir.model,name",hubkilo_website.model_res_city,City,City,
hubkilo_website,model,"ir.model,name",hubkilo_website.model_res_partner,Contact,Contact,
hubkilo_website,model,"ir.model,name",hubkilo_website.model_res_partner_rating,Partner Rating,Partner Rating,
hubkilo_website,model,"ir.model,name",hubkilo_website.model_res_users,Users,Utilisateurs,
hubkilo_website,model,"ir.model.fields,field_description",hubkilo_website.field_res_city__capital,Capital,Capital,
hubkilo_website,model,"ir.model.fields,field_description",hubkilo_website.field_res_city__country_id,Country,Country,
hubkilo_website,model,"ir.model.fields,field_description",hubkilo_website.field_res_city__name,City,City,
hubkilo_website,model,"ir.model.fields,field_description",hubkilo_website.field_res_partner__image_1920,Image 1920,Image 1920,
hubkilo_website,model,"ir.model.fields,field_description",hubkilo_website.field_res_users__image_1920,Image 1920,Image 1920,
hubkilo_website,model_terms,"ir.ui.view,arch_db",hubkilo_website.ajouter,Departure Date:,Departure Date:,
hubkilo_website,model_terms,"ir.ui.view,arch_db",hubkilo_website.ajouter,Arrival date:,Date d'arrivée:,
hubkilo_website,model_terms,"ir.ui.view,arch_db",hubkilo_website.ajouter,Arrival city:,Arrival city:,
hubkilo_website,model_terms,"ir.ui.view,arch_db",hubkilo_website.ajouter,ROAD,ROAD,
hubkilo_website,model_terms,"ir.ui.view,arch_db",hubkilo_website.ajouter,Departure city:,Departure city:,
hubkilo_website,model_terms,"ir.ui.view,arch_db",hubkilo_website.ajouter,Create Travel,Create Travel,
hubkilo_website,model_terms,"ir.ui.view,arch_db",hubkilo_website.ajouter,Create New Travel,Create New Travel,
hubkilo_website,model_terms,"ir.ui.view,arch_db",hubkilo_website.ajouter,Create Travel Announcement,Create Travel Announcement,
hubkilo_website,model_terms,"ir.ui.view,arch_db",hubkilo_website.ajouter,Type of Travel:,Type of Travel:,
hubkilo_website,model_terms,"ir.ui.view,arch_db",hubkilo_website.ajouter,Please select a future date and time,Please select a future date and time,
hubkilo_website,model_terms,"ir.ui.view,arch_db",hubkilo_website.ajouter,"Create your <span class=""text-primary text-uppercase"">Travel Announcement</span>","Create your <span class=""text-primary text-uppercase"">Travel Announcement</span>",
hubkilo_website,model_terms,"ir.ui.view,arch_db",hubkilo_website.create_travel,"CONFIRM
                        AND CREATE","CONFIRMER
                        ET CRÉER",
hubkilo_website,model_terms,"ir.ui.view,arch_db",hubkilo_website.create_travel,"Arrival
                                        date:","Date d'arrivée:",
hubkilo_website,model_terms,"ir.ui.view,arch_db",hubkilo_website.create_travel,female,femelle,
hubkilo_website,model_terms,"ir.ui.view,arch_db",hubkilo_website.create_travel,Gender,Genre,
hubkilo_website,model_terms,"ir.ui.view,arch_db",hubkilo_website.create_travel,Sex,Sexe,
hubkilo_website,model_terms,"ir.ui.view,arch_db",hubkilo_website.create_travel,Unverified,Non vérifié,
hubkilo_website,model_terms,"ir.ui.view,arch_db",hubkilo_website.create_travel,Place of birth,Lieu de naissance,
hubkilo_website,model_terms,"ir.ui.view,arch_db",hubkilo_website.create_travel,Residential address,Adresse résidentielle,
hubkilo_website,model_terms,"ir.ui.view,arch_db",hubkilo_website.create_travel,Verified,Vérifié,
hubkilo_website,model_terms,"ir.ui.view,arch_db",hubkilo_website.create_travel,ROAD,Terrestre,
hubkilo_website,model_terms,"ir.ui.view,arch_db",hubkilo_website.create_travel,Phone,Téléphone,
hubkilo_website,model_terms,"ir.ui.view,arch_db",hubkilo_website.create_travel,Update Now,Mettez à jour maintenant,
hubkilo_website,model_terms,"ir.ui.view,arch_db",hubkilo_website.create_travel,Travel created successfully,Voyage créé avec succès,
hubkilo_website,model_terms,"ir.ui.view,arch_db",hubkilo_website.create_travel,Create Travel,Créer un voyage,
hubkilo_website,model_terms,"ir.ui.view,arch_db",hubkilo_website.create_travel,"See your travels <i class=""fas fa-arrow-right""/>","Voir vos voyages <i class=""fas fa-arrow-right""/>",
hubkilo_website,model_terms,"ir.ui.view,arch_db",hubkilo_website.create_travel,Date of birth,Date de naissance,
hubkilo_website,model_terms,"ir.ui.view,arch_db",hubkilo_website.create_travel,"<span class=""side_info_header_title"">Successful</span>","<span class=""side_info_header_title"">Réussi</span>",
hubkilo_website,model_terms,"ir.ui.view,arch_db",hubkilo_website.create_travel,"<span class=""side_bar_item_icon_number"">4</span>","<span class=""side_bar_item_icon_number"">4</span>",
hubkilo_website,model_terms,"ir.ui.view,arch_db",hubkilo_website.create_travel,unverified,unverified,
hubkilo_website,model_terms,"ir.ui.view,arch_db",hubkilo_website.create_travel,"<span class=""side_bar_item_icon_number"">5</span>","<span class=""side_bar_item_icon_number"">5</span>",
hubkilo_website,model_terms,"ir.ui.view,arch_db",hubkilo_website.create_travel,successfully done,successfully done,
hubkilo_website,model_terms,"ir.ui.view,arch_db",hubkilo_website.create_travel,"<span class=""side_bar_item_icon_number"">1</span>","<span class=""side_bar_item_icon_number"">1</span>",
hubkilo_website,model_terms,"ir.ui.view,arch_db",hubkilo_website.create_travel,AIR,AERIEN,
hubkilo_website,model_terms,"ir.ui.view,arch_db",hubkilo_website.create_travel,"<span class=""side_bar_item_icon_number"">3</span>","<span class=""side_bar_item_icon_number"">3</span>",
hubkilo_website,model_terms,"ir.ui.view,arch_db",hubkilo_website.create_travel,Departure city:,Ville de départ:,
hubkilo_website,model_terms,"ir.ui.view,arch_db",hubkilo_website.create_travel,Departure City,Ville de départ,
hubkilo_website,model_terms,"ir.ui.view,arch_db",hubkilo_website.create_travel,BACK,RETOUR,
hubkilo_website,model_terms,"ir.ui.view,arch_db",hubkilo_website.create_travel,"<span class=""side_bar_item_icon_text"" data-step1=""3"">User Verification</span>","<span class=""side_bar_item_icon_text"" data-step1=""3"">Vérification de l'utilisateur</span>",
hubkilo_website,model_terms,"ir.ui.view,arch_db",hubkilo_website.create_travel,"<span class=""side_bar_item_icon_text"" data-step1=""5"">Successful</span>","<span class=""side_bar_item_icon_text"" data-step1=""5"">Réussi</span>",
hubkilo_website,model_terms,"ir.ui.view,arch_db",hubkilo_website.create_travel,"<span class=""side_bar_item_icon_text"" data-step1=""4"">Confirmation</span>","<span class=""side_bar_item_icon_text"" data-step1=""4"">Confirmation</span>",
hubkilo_website,model_terms,"ir.ui.view,arch_db",hubkilo_website.create_travel,Departure date:,Date de départ:,
hubkilo_website,model_terms,"ir.ui.view,arch_db",hubkilo_website.create_travel,NEXT STEP,L'ÉTAPE SUIVANTE,
hubkilo_website,model_terms,"ir.ui.view,arch_db",hubkilo_website.create_travel,"Arrival
                                        city:","Ville d'arrivée:",
hubkilo_website,model_terms,"ir.ui.view,arch_db",hubkilo_website.create_travel,verified,vérifié,
hubkilo_website,model_terms,"ir.ui.view,arch_db",hubkilo_website.create_travel,"<i class=""fas fa-exclamation-triangle"" style=""font-size:28px;color:red;margin-right:10px""/>Alert","<i class=""fas fa-exclamation-triangle"" style=""font-size:28px;color:red;margin-right:10px""/>Alerte",
hubkilo_website,model_terms,"ir.ui.view,arch_db",hubkilo_website.create_travel,"<span class=""side_info_header_title"">Select travel type</span>","<span class=""side_info_header_title"">Sélectionnez le type de voyage</span>",
hubkilo_website,model_terms,"ir.ui.view,arch_db",hubkilo_website.create_travel,"Departure
                                        city:","Ville de départ:",
hubkilo_website,model_terms,"ir.ui.view,arch_db",hubkilo_website.create_travel,Close,Fermer,
hubkilo_website,model_terms,"ir.ui.view,arch_db",hubkilo_website.create_travel,"<span class=""side_bar_item_icon_text activeText"" data-step1=""1"">Travel Type</span>","<span class=""side_bar_item_icon_text activeText"" data-step1=""1"">Type de voyage</span>",
hubkilo_website,model_terms,"ir.ui.view,arch_db",hubkilo_website.create_travel,Arrival city:,Ville d'arrivée:,
hubkilo_website,model_terms,"ir.ui.view,arch_db",hubkilo_website.create_travel,"<span class=""side_bar_item_icon_text"" data-step1=""2"">Travel Details</span>","<span class=""side_bar_item_icon_text"" data-step1=""2"">Détails du voyage</span>",
hubkilo_website,model_terms,"ir.ui.view,arch_db",hubkilo_website.create_travel,Arrival City,Ville d'arrivée,
hubkilo_website,model_terms,"ir.ui.view,arch_db",hubkilo_website.create_travel,"Departure
                                        Date:","Date de départ:",
hubkilo_website,model_terms,"ir.ui.view,arch_db",hubkilo_website.create_travel,"Create your <span class=""text-primary text-uppercase"">Travel Announcement</span>","Create your <span class=""text-primary text-uppercase"">Travel Announcement</span>",
hubkilo_website,model_terms,"ir.ui.view,arch_db",hubkilo_website.create_travel,Complete Information Here,Complétez vos informations ici,
hubkilo_website,model_terms,"ir.ui.view,arch_db",hubkilo_website.create_travel,"<span class=""side_bar_item_icon_number"">2</span>","<span class=""side_bar_item_icon_number"">2</span>",
hubkilo_website,model_terms,"ir.ui.view,arch_db",hubkilo_website.create_travel,Arrival date:,Date d'arrivée:,
hubkilo_website,model_terms,"ir.ui.view,arch_db",hubkilo_website.create_travel,"<span class=""side_info_header_title"">User Verification</span>","<span class=""side_info_header_title"">Vérification de l'utilisateur</span>",
hubkilo_website,model_terms,"ir.ui.view,arch_db",hubkilo_website.create_travel,male,male,
hubkilo_website,model_terms,"ir.ui.view,arch_db",hubkilo_website.create_travel,"<span class=""side_info_header_title"">Confirm Details</span>","<span class=""side_info_header_title"">Confirmer les détails</span>",
hubkilo_website,model_terms,"ir.ui.view,arch_db",hubkilo_website.create_travel,"NEXT
                        STEP","L'ÉTAPE SUIVANTE",
hubkilo_website,model_terms,"ir.ui.view,arch_db",hubkilo_website.create_travel,"<i class=""fa fa-check-circle"" style=""font-size:28px;color:#4fbf65;margin-right:10px""/>Alert","<i class=""fa fa-check-circle"" style=""font-size:28px;color:#4fbf65;margin-right:10px""/>Alerte",
hubkilo_website,model_terms,"ir.ui.view,arch_db",hubkilo_website.create_travel,check verify,check verify,
hubkilo_website,model_terms,"ir.ui.view,arch_db",hubkilo_website.create_travel,"<span class=""side_info_header_title"">Travel details</span>","<span class=""side_info_header_title"">Détails du voyage</span>",
hubkilo_website,model_terms,"ir.ui.view,arch_db",hubkilo_website.create_travel,Please select a future date and time,Veuillez sélectionner une date et une heure futures,
hubkilo_website,model_terms,"ir.ui.view,arch_db",hubkilo_website.hub_home,Discover A New Way Of Sending Your Packages,Découvrez une nouvelle façon d'envoyer vos colis,
hubkilo_website,model_terms,"ir.ui.view,arch_db",hubkilo_website.hub_home,WELCOME TO HUBKILO,BIENVENUE CHEZ HUBKILO,
hubkilo_website,model_terms,"ir.ui.view,arch_db",hubkilo_website.hub_home,Image,Image,
hubkilo_website,model_terms,"ir.ui.view,arch_db",hubkilo_website.hub_home,Search,Recherche,
hubkilo_website,model_terms,"ir.ui.view,arch_db",hubkilo_website.hub_home,Hubkilo,Hubkilo,
hubkilo_website,model_terms,"ir.ui.view,arch_db",hubkilo_website.hub_home,"Explore Our <span class=""text-primary text-uppercase"">Travels</span>","Explorez nos <span class=""text-primary text-uppercase"">Voyages</span>",
hubkilo_website,model_terms,"ir.ui.view,arch_db",hubkilo_website.hub_home,I want to transport,Je veux transporter,
hubkilo_website,model_terms,"ir.ui.view,arch_db",hubkilo_website.hub_home,Departure City,Ville de départ,
hubkilo_website,model_terms,"ir.ui.view,arch_db",hubkilo_website.hub_home,"<span class="" text-uppercase"" style=""font-weight:700;color:black;font-size:18px"">AIR</span>","<span class="" text-uppercase"" style=""font-weight:700;color:black;font-size:18px"">AERIEN</span>",
hubkilo_website,model_terms,"ir.ui.view,arch_db",hubkilo_website.hub_home,Road,Terrestre,
hubkilo_website,model_terms,"ir.ui.view,arch_db",hubkilo_website.hub_home,Ship Now,Expédier maintenant,
hubkilo_website,model_terms,"ir.ui.view,arch_db",hubkilo_website.hub_home,"<span class=""carousel-control-next-icon"" aria-hidden=""true""/>
                    <span class=""visually-hidden"">Next</span>","<span class=""carousel-control-next-icon"" aria-hidden=""true""/>
                    <span class=""visually-hidden"">Suivant</span>",
hubkilo_website,model_terms,"ir.ui.view,arch_db",hubkilo_website.hub_home,"<span class="" text-uppercase"" style=""font-weight:700;color:black;font-size:18px"">Road</span>","<span class="" text-uppercase"" style=""font-weight:700;color:black;font-size:18px"">Terrestre</span>",
hubkilo_website,model_terms,"ir.ui.view,arch_db",hubkilo_website.hub_home,"<span class=""carousel-control-prev-icon"" aria-hidden=""true""/>
                    <span class=""visually-hidden"">Previous</span>","<span class=""carousel-control-prev-icon"" aria-hidden=""true""/>
                    <span class=""visually-hidden"">Précédent</span>",
hubkilo_website,model_terms,"ir.ui.view,arch_db",hubkilo_website.hub_home,Close,Fermer,
hubkilo_website,model_terms,"ir.ui.view,arch_db",hubkilo_website.hub_home,HubKilo,HubKilo,
hubkilo_website,model_terms,"ir.ui.view,arch_db",hubkilo_website.hub_home,I want to ship,Je veux expédier,
hubkilo_website,model_terms,"ir.ui.view,arch_db",hubkilo_website.hub_home,Arrival City,ville d'arrivée,
hubkilo_website,model_terms,"ir.ui.view,arch_db",hubkilo_website.hub_home,"View More <i class=""fas fa-arrow-right"" style=""margin-left:10px;color:#217aff""/>","Voir plus <i class=""fas fa-arrow-right"" style=""margin-left:10px;color:#217aff""/>",
hubkilo_website,model_terms,"ir.ui.view,arch_db",hubkilo_website.hub_home,Type of travel,Type de voyage,
hubkilo_website,model_terms,"ir.ui.view,arch_db",hubkilo_website.hub_home,Air,Aérien,
hubkilo_website,model_terms,"ir.ui.view,arch_db",hubkilo_website.hub_home,Youtube Video,Vidéo Youtube,
hubkilo_website,model_terms,"ir.ui.view,arch_db",hubkilo_website.hub_home,Our Travels,Nos Voyages,
hubkilo_website,model_terms,"ir.ui.view,arch_db",hubkilo_website.id_page,Attachment Type,Type de pièce jointe,
hubkilo_website,model_terms,"ir.ui.view,arch_db",hubkilo_website.id_page,Attachment,Pièce jointe,
hubkilo_website,model_terms,"ir.ui.view,arch_db",hubkilo_website.id_page,Validity Days Left,Jours de validité restants,
hubkilo_website,model_terms,"ir.ui.view,arch_db",hubkilo_website.id_page,Conformity,Conformité,
hubkilo_website,model_terms,"ir.ui.view,arch_db",hubkilo_website.id_page,Zoomed Attachment,Pièce jointe zoomée,
hubkilo_website,model_terms,"ir.ui.view,arch_db",hubkilo_website.identification_page,"<i class=""fa fa-envelope-open text-primary me-2""/>Select a pictures of your id card.","<i class=""fa fa-envelope-open text-primary me-2""/>Sélectionnez une photo de votre carte d'identité.",
hubkilo_website,model_terms,"ir.ui.view,arch_db",hubkilo_website.identification_page,Step 1,Step 1,
hubkilo_website,model_terms,"ir.ui.view,arch_db",hubkilo_website.identification_page,Upload file,Upload file,
hubkilo_website,model_terms,"ir.ui.view,arch_db",hubkilo_website.identification_page,Passport,Passport,
hubkilo_website,model_terms,"ir.ui.view,arch_db",hubkilo_website.identification_page,step 2,step 2,
hubkilo_website,model_terms,"ir.ui.view,arch_db",hubkilo_website.identification_page,Delivery Date,Delivery Date,
hubkilo_website,model_terms,"ir.ui.view,arch_db",hubkilo_website.identification_page,Identification,Identification,
hubkilo_website,model_terms,"ir.ui.view,arch_db",hubkilo_website.identification_page,"<i class=""fa fa-envelope-open text-primary me-2""/>Enter the information asked from the form.","<i class=""fa fa-envelope-open text-primary me-2""/>Enter the information asked from the form.",
hubkilo_website,model_terms,"ir.ui.view,arch_db",hubkilo_website.identification_page,"<i class=""fa fa-envelope-open text-primary me-2""/>Check step 1 and 2, then press the SUBMIT button.","<i class=""fa fa-envelope-open text-primary me-2""/>Check step 1 and 2, then press the SUBMIT button.",
hubkilo_website,model_terms,"ir.ui.view,arch_db",hubkilo_website.identification_page,Name,Name,
hubkilo_website,model_terms,"ir.ui.view,arch_db",hubkilo_website.identification_page,your piece,your piece,
hubkilo_website,model_terms,"ir.ui.view,arch_db",hubkilo_website.identification_page,Expiring Date,Expiring Date,
hubkilo_website,model_terms,"ir.ui.view,arch_db",hubkilo_website.identification_page,SUBMIT,SUBMIT,
hubkilo_website,model_terms,"ir.ui.view,arch_db",hubkilo_website.identification_page,Step 3,Step 3,
hubkilo_website,model_terms,"ir.ui.view,arch_db",hubkilo_website.identification_page,"<span class=""text-primary text-uppercase"">Upload Your</span> INDENTITY INFORMATIONS","<span class=""text-primary text-uppercase"">Upload Your</span> INDENTITY INFORMATIONS",
hubkilo_website,model_terms,"ir.ui.view,arch_db",hubkilo_website.identification_page,Select type,Select type,
hubkilo_website,model_terms,"ir.ui.view,arch_db",hubkilo_website.identification_page,Id-Card or Passport Upload,Id-Card or Passport Upload,
hubkilo_website,model_terms,"ir.ui.view,arch_db",hubkilo_website.identification_page,ID-Card,ID-Card,
hubkilo_website,model_terms,"ir.ui.view,arch_db",hubkilo_website.modifier,Type of travel:,Type of travel:,
hubkilo_website,model_terms,"ir.ui.view,arch_db",hubkilo_website.modifier,Departure Date:,Departure Date:,
hubkilo_website,model_terms,"ir.ui.view,arch_db",hubkilo_website.modifier,"Departure city: <span id=""start"" style=""color:#217aff""> </span>","Departure city: <span id=""start"" style=""color:#217aff""> </span>",
hubkilo_website,model_terms,"ir.ui.view,arch_db",hubkilo_website.modifier,Arrival date:,Date d'arrivée:,
hubkilo_website,model_terms,"ir.ui.view,arch_db",hubkilo_website.modifier,"Arrival city: <span id=""end"" style=""color:#217aff""> </span>","Arrival city: <span id=""end"" style=""color:#217aff""> </span>",
hubkilo_website,model_terms,"ir.ui.view,arch_db",hubkilo_website.modifier,ROAD,ROAD,
hubkilo_website,model_terms,"ir.ui.view,arch_db",hubkilo_website.modifier,"Update your <span class=""text-primary text-uppercase"">Travel Announcement</span>","Update your <span class=""text-primary text-uppercase"">Travel Announcement</span>",
hubkilo_website,model_terms,"ir.ui.view,arch_db",hubkilo_website.modifier,Update Travel Announcement,Update Travel Announcement,
hubkilo_website,model_terms,"ir.ui.view,arch_db",hubkilo_website.modifier,Update Travel,Update Travel,
hubkilo_website,model_terms,"ir.ui.view,arch_db",hubkilo_website.modifier_la_reservation_page,Edit pictures,Edit pictures,
hubkilo_website,model_terms,"ir.ui.view,arch_db",hubkilo_website.modifier_la_reservation_page,Luggage Model,Luggage Model,
hubkilo_website,model_terms,"ir.ui.view,arch_db",hubkilo_website.modifier_la_reservation_page,Travel Booking,Travel Booking,
hubkilo_website,model_terms,"ir.ui.view,arch_db",hubkilo_website.modifier_la_reservation_page,Update Shipping,Update Shipping,
hubkilo_website,model_terms,"ir.ui.view,arch_db",hubkilo_website.modifier_la_reservation_page,Close,Close,
hubkilo_website,model_terms,"ir.ui.view,arch_db",hubkilo_website.modifier_la_reservation_page,The Receiver exists in Hubkilo,The Receiver exists in Hubkilo,
hubkilo_website,model_terms,"ir.ui.view,arch_db",hubkilo_website.modifier_la_reservation_page,"Recipient: <span id=""recipient"" style=""color:#217aff""> </span>","Recipient: <span id=""recipient"" style=""color:#217aff""> </span>",
hubkilo_website,model_terms,"ir.ui.view,arch_db",hubkilo_website.modifier_la_reservation_page,Update Now,Update Now,
hubkilo_website,model_terms,"ir.ui.view,arch_db",hubkilo_website.modifier_la_reservation_page,"<i class=""fa fa-cloud-upload"" style=""color: white; ""/> Choose file","<i class=""fa fa-cloud-upload"" style=""color: white; ""/> Choose file",
hubkilo_website,model_terms,"ir.ui.view,arch_db",hubkilo_website.modifier_la_reservation_page,luggage models,luggage models,
hubkilo_website,model_terms,"ir.ui.view,arch_db",hubkilo_website.modifier_la_reservation_page,Select a luggage model,Select a luggage model,
hubkilo_website,model_terms,"ir.ui.view,arch_db",hubkilo_website.modifier_la_reservation_page,"Update <span class=""text-primary text-uppercase"">Shipping</span>","Update <span class=""text-primary text-uppercase"">Shipping</span>",
hubkilo_website,model_terms,"ir.ui.view,arch_db",hubkilo_website.my_negotiation_page,Enter a comment,Entrer un commentaire,
hubkilo_website,model_terms,"ir.ui.view,arch_db",hubkilo_website.my_negotiation_page,Comment,Commentaire,
hubkilo_website,model_terms,"ir.ui.view,arch_db",hubkilo_website.my_negotiation_page,Invoice simulator,Simulateur de facture,
hubkilo_website,model_terms,"ir.ui.view,arch_db",hubkilo_website.my_negotiation_page,Negotiated price:,Prix négocié:,
hubkilo_website,model_terms,"ir.ui.view,arch_db",hubkilo_website.my_negotiation_page,"<i class=""fa fa-paper-plane-o"" style=""color:#1b5fe8""/><span class="" ml-1"" style=""color:#1b5fe8"">Send</span>","<i class=""fa fa-paper-plane-o"" style=""color:#1b5fe8""/><span class="" ml-1"" style=""color:#1b5fe8"">Envoyer</span>",
hubkilo_website,model_terms,"ir.ui.view,arch_db",hubkilo_website.my_negotiation_page,Service fees:,Frais de service:,
hubkilo_website,model_terms,"ir.ui.view,arch_db",hubkilo_website.my_negotiation_page,CODE,CODE,
hubkilo_website,model_terms,"ir.ui.view,arch_db",hubkilo_website.my_negotiation_page,PRICE (EUR),PRIX (EUR),
hubkilo_website,model_terms,"ir.ui.view,arch_db",hubkilo_website.my_negotiation_page,Total:,Total:,
hubkilo_website,model_terms,"ir.ui.view,arch_db",hubkilo_website.my_negotiation_page,"<i class=""fas fa-exclamation-triangle"" style=""font-size:28px;color:red;margin-right:10px""/>Alert","<i class=""fas fa-exclamation-triangle"" style=""font-size:28px;color:red;margin-right:10px""/>Alerte",
hubkilo_website,model_terms,"ir.ui.view,arch_db",hubkilo_website.my_negotiation_page,Add new message,Ajouter un nouveau message,
hubkilo_website,model_terms,"ir.ui.view,arch_db",hubkilo_website.my_negotiation_page,Close,Fermer,
hubkilo_website,model_terms,"ir.ui.view,arch_db",hubkilo_website.my_negotiation_page,"<i class=""fa fa-paper-plane-o""/><span class="" ml-1"">Send</span>","<i class=""fa fa-paper-plane-o""/><span class="" ml-1"">Envoyer</span>",
hubkilo_website,model_terms,"ir.ui.view,arch_db",hubkilo_website.my_negotiation_page,TVA 20%:,TVA 20%:,
hubkilo_website,model_terms,"ir.ui.view,arch_db",hubkilo_website.my_negotiation_page,Enter a price...,Entrer un prix...,
hubkilo_website,model_terms,"ir.ui.view,arch_db",hubkilo_website.my_negotiation_page,Net to be received:,Net à recevoir:,
hubkilo_website,model_terms,"ir.ui.view,arch_db",hubkilo_website.my_negotiation_page,"<span aria-hidden=""true"">&amp;times;</span>","<span aria-hidden=""true"">&amp;times;</span>",
hubkilo_website,model_terms,"ir.ui.view,arch_db",hubkilo_website.my_negotiation_page,"<i class=""fa fa-check-circle"" style=""font-size:28px;color:#4fbf65;margin-right:10px""/>Alert","<i class=""fa fa-check-circle"" style=""font-size:28px;color:#4fbf65;margin-right:10px""/>Alerte",
hubkilo_website,model_terms,"ir.ui.view,arch_db",hubkilo_website.my_shipping,ACCEPTED,ACCEPTED,
hubkilo_website,model_terms,"ir.ui.view,arch_db",hubkilo_website.my_shipping,PAID,PAID,
hubkilo_website,model_terms,"ir.ui.view,arch_db",hubkilo_website.my_shipping,Shipping on my travel,Shipping on my travel,
hubkilo_website,model_terms,"ir.ui.view,arch_db",hubkilo_website.my_shipping,RECEIVED,RECEIVED,
hubkilo_website,model_terms,"ir.ui.view,arch_db",hubkilo_website.my_shipping,PENDING,PENDING,
hubkilo_website,model_terms,"ir.ui.view,arch_db",hubkilo_website.my_shipping,"<span class=""visually-hidden"">Loading...</span>","<span class=""visually-hidden"">Loading...</span>",
hubkilo_website,model_terms,"ir.ui.view,arch_db",hubkilo_website.my_shipping,ALL,ALL,
hubkilo_website,model_terms,"ir.ui.view,arch_db",hubkilo_website.my_shipping,See your travels,See your travels,
hubkilo_website,model_terms,"ir.ui.view,arch_db",hubkilo_website.my_shipping,CANCEL,CANCEL,
hubkilo_website,model_terms,"ir.ui.view,arch_db",hubkilo_website.my_travel_details,"Arrival
                                        date:","Date d'arrivée:",
hubkilo_website,model_terms,"ir.ui.view,arch_db",hubkilo_website.my_travel_details,Action,Action,
hubkilo_website,model_terms,"ir.ui.view,arch_db",hubkilo_website.my_travel_details,Update Now,Mettez à jour maintenant,
hubkilo_website,model_terms,"ir.ui.view,arch_db",hubkilo_website.my_travel_details,Date,Date,
hubkilo_website,model_terms,"ir.ui.view,arch_db",hubkilo_website.my_travel_details,Edit Travel,Editer le voyage,
hubkilo_website,model_terms,"ir.ui.view,arch_db",hubkilo_website.my_travel_details,TOTAL SHIPPING PRICE,PRIX TOTAL DE L'EXPÉDITION,
hubkilo_website,model_terms,"ir.ui.view,arch_db",hubkilo_website.my_travel_details,Sender,Expéditeur,
hubkilo_website,model_terms,"ir.ui.view,arch_db",hubkilo_website.my_travel_details,Departure City,Ville de départ,
hubkilo_website,model_terms,"ir.ui.view,arch_db",hubkilo_website.my_travel_details,Receiver,Bénéficiaire,
hubkilo_website,model_terms,"ir.ui.view,arch_db",hubkilo_website.my_travel_details,"<i class=""fas fa-exclamation-triangle"" style=""font-size:28px;color:red;margin-right:10px""/>Alert","<i class=""fas fa-exclamation-triangle"" style=""font-size:28px;color:red;margin-right:10px""/>Alerte",
hubkilo_website,model_terms,"ir.ui.view,arch_db",hubkilo_website.my_travel_details,"Arrival
                                        city:","Ville d'arrivée:",
hubkilo_website,model_terms,"ir.ui.view,arch_db",hubkilo_website.my_travel_details,"Departure
                                        city:","Ville de départ:",
hubkilo_website,model_terms,"ir.ui.view,arch_db",hubkilo_website.my_travel_details,Close,Fermer,
hubkilo_website,model_terms,"ir.ui.view,arch_db",hubkilo_website.my_travel_details,Code,Code,
hubkilo_website,model_terms,"ir.ui.view,arch_db",hubkilo_website.my_travel_details,Arrival City,Ville d'arrivée,
hubkilo_website,model_terms,"ir.ui.view,arch_db",hubkilo_website.my_travel_details,"Departure
                                        Date:","Ville de départ:",
hubkilo_website,model_terms,"ir.ui.view,arch_db",hubkilo_website.my_travel_details,0.00 EUR,0.00 EUR,
hubkilo_website,model_terms,"ir.ui.view,arch_db",hubkilo_website.my_travel_details,"<span aria-hidden=""true"">&amp;times;</span>","<span aria-hidden=""true"">&amp;times;</span>",
hubkilo_website,model_terms,"ir.ui.view,arch_db",hubkilo_website.my_travel_details,"<i class=""fa fa-check-circle"" style=""font-size:28px;color:#4fbf65;margin-right:10px""/>Alert","<i class=""fa fa-check-circle"" style=""font-size:28px;color:#4fbf65;margin-right:10px""/>Alerte",
hubkilo_website,model_terms,"ir.ui.view,arch_db",hubkilo_website.my_travel_details,State,État,
hubkilo_website,model_terms,"ir.ui.view,arch_db",hubkilo_website.my_travel_details,Shipping Price,Prix d'expédition,
hubkilo_website,model_terms,"ir.ui.view,arch_db",hubkilo_website.my_travel_details,Please select a future date and time,Veuillez sélectionner une date et une heure futures,
hubkilo_website,model_terms,"ir.ui.view,arch_db",hubkilo_website.mytravels,COMPLETE,COMPLET,
hubkilo_website,model_terms,"ir.ui.view,arch_db",hubkilo_website.mytravels,RUNNING,EN COURS,
hubkilo_website,model_terms,"ir.ui.view,arch_db",hubkilo_website.mytravels,PUBLISHED,PUBLIÉ,
hubkilo_website,model_terms,"ir.ui.view,arch_db",hubkilo_website.mytravels,Close,Fermer,
hubkilo_website,model_terms,"ir.ui.view,arch_db",hubkilo_website.mytravels,"<i class=""fas fa-exclamation-triangle"" style=""font-size:28px;color:red""/>Alert","<i class=""fas fa-exclamation-triangle"" style=""font-size:28px;color:red""/>Alerte",
hubkilo_website,model_terms,"ir.ui.view,arch_db",hubkilo_website.mytravels,+ Add New Travel,+ Ajouter un nouveau voyage,
hubkilo_website,model_terms,"ir.ui.view,arch_db",hubkilo_website.mytravels,PENDING,EN ATTENTE,
hubkilo_website,model_terms,"ir.ui.view,arch_db",hubkilo_website.mytravels,REJECTED,REJETÉ,
hubkilo_website,model_terms,"ir.ui.view,arch_db",hubkilo_website.mytravels,"<span class=""visually-hidden"">Loading...</span>","<span class=""visually-hidden"">Loading...</span>",
hubkilo_website,model_terms,"ir.ui.view,arch_db",hubkilo_website.mytravels,My Travels,Mes voyages,
hubkilo_website,model_terms,"ir.ui.view,arch_db",hubkilo_website.portal_my_home,User Portal,Portail utilisateur,
hubkilo_website,model_terms,"ir.ui.view,arch_db",hubkilo_website.portal_my_home,/profile,/profile,
hubkilo_website,model_terms,"ir.ui.view,arch_db",hubkilo_website.portal_my_parcel,My Parcels,Mes colis,
hubkilo_website,model_terms,"ir.ui.view,arch_db",hubkilo_website.portal_my_shipping,My Shipping orders,Mes commandes d'expédition,
hubkilo_website,model_terms,"ir.ui.view,arch_db",hubkilo_website.portal_my_travel,My Travels,Mes voyages,
hubkilo_website,model_terms,"ir.ui.view,arch_db",hubkilo_website.profile_page,Upload file,Upload file,
hubkilo_website,model_terms,"ir.ui.view,arch_db",hubkilo_website.profile_page,female,female,
hubkilo_website,model_terms,"ir.ui.view,arch_db",hubkilo_website.profile_page,Expiring Date,Expiring Date,
hubkilo_website,model_terms,"ir.ui.view,arch_db",hubkilo_website.profile_page,Sex,Sex,
hubkilo_website,model_terms,"ir.ui.view,arch_db",hubkilo_website.profile_page,Gender,Gender,
hubkilo_website,model_terms,"ir.ui.view,arch_db",hubkilo_website.profile_page,Place of birth,Place of birth,
hubkilo_website,model_terms,"ir.ui.view,arch_db",hubkilo_website.profile_page,Residential address,Residential address,
hubkilo_website,model_terms,"ir.ui.view,arch_db",hubkilo_website.profile_page,Delivery Date,Delivery Date,
hubkilo_website,model_terms,"ir.ui.view,arch_db",hubkilo_website.profile_page,Phone,Phone,
hubkilo_website,model_terms,"ir.ui.view,arch_db",hubkilo_website.profile_page,"<span class=""text-primary text-uppercase"">Upload Your</span> INDENTITY INFORMATIONS","<span class=""text-primary text-uppercase"">Upload Your</span> INDENTITY INFORMATIONS",
hubkilo_website,model_terms,"ir.ui.view,arch_db",hubkilo_website.profile_page,Email,Email,
hubkilo_website,model_terms,"ir.ui.view,arch_db",hubkilo_website.profile_page,Date of birth,Date of birth,
hubkilo_website,model_terms,"ir.ui.view,arch_db",hubkilo_website.profile_page,unverified,unverified,
hubkilo_website,model_terms,"ir.ui.view,arch_db",hubkilo_website.profile_page,ID-Card,ID-Card,
hubkilo_website,model_terms,"ir.ui.view,arch_db",hubkilo_website.profile_page,Passport,Passport,
hubkilo_website,model_terms,"ir.ui.view,arch_db",hubkilo_website.profile_page,Full Name,Full Name,
hubkilo_website,model_terms,"ir.ui.view,arch_db",hubkilo_website.profile_page,"<i class=""fas fa-id-card""/> Profile","<i class=""fas fa-id-card""/> Profile",
hubkilo_website,model_terms,"ir.ui.view,arch_db",hubkilo_website.profile_page,See Attachment,See Attachment,
hubkilo_website,model_terms,"ir.ui.view,arch_db",hubkilo_website.profile_page,Edit Profile,Edit Profile,
hubkilo_website,model_terms,"ir.ui.view,arch_db",hubkilo_website.profile_page,"<i class=""fas fa-dolly""/> My Parcels","<i class=""fas fa-dolly""/> My Parcels",
hubkilo_website,model_terms,"ir.ui.view,arch_db",hubkilo_website.profile_page,"<i class=""fas fa-id-card-alt""/> Identification","<i class=""fas fa-id-card-alt""/> Identification",
hubkilo_website,model_terms,"ir.ui.view,arch_db",hubkilo_website.profile_page,"<i class=""fa fa-envelope-open text-primary me-2""/>Select a pictures of your id card.","<i class=""fa fa-envelope-open text-primary me-2""/>Select a pictures of your id card.",
hubkilo_website,model_terms,"ir.ui.view,arch_db",hubkilo_website.profile_page,"<i class=""fas fa-exclamation-triangle"" style=""font-size:28px;color:red;margin-right:10px""/>Alert","<i class=""fas fa-exclamation-triangle"" style=""font-size:28px;color:red;margin-right:10px""/>Alert",
hubkilo_website,model_terms,"ir.ui.view,arch_db",hubkilo_website.profile_page,"<i class=""fa fa-envelope-open text-primary me-2""/>Enter the information asked from the form.","<i class=""fa fa-envelope-open text-primary me-2""/>Enter the information asked from the form.",
hubkilo_website,model_terms,"ir.ui.view,arch_db",hubkilo_website.profile_page,"<i class=""fa fa-envelope-open text-primary me-2""/>Check step 1 and 2, then press the SUBMIT button.","<i class=""fa fa-envelope-open text-primary me-2""/>Check step 1 and 2, then press the SUBMIT button.",
hubkilo_website,model_terms,"ir.ui.view,arch_db",hubkilo_website.profile_page,Close,Close,
hubkilo_website,model_terms,"ir.ui.view,arch_db",hubkilo_website.profile_page,Add New Attachment +,Add New Attachment +,
hubkilo_website,model_terms,"ir.ui.view,arch_db",hubkilo_website.profile_page,SUBMIT,SUBMIT,
hubkilo_website,model_terms,"ir.ui.view,arch_db",hubkilo_website.profile_page,"Edit Profile <i class=""far fa-edit"" style=""color:white""/>","Edit Profile <i class=""far fa-edit"" style=""color:white""/>",
hubkilo_website,model_terms,"ir.ui.view,arch_db",hubkilo_website.profile_page,Step 3,Step 3,
hubkilo_website,model_terms,"ir.ui.view,arch_db",hubkilo_website.profile_page,Id-Card or Passport Upload,Id-Card or Passport Upload,
hubkilo_website,model_terms,"ir.ui.view,arch_db",hubkilo_website.profile_page,your piece,your piece,
hubkilo_website,model_terms,"ir.ui.view,arch_db",hubkilo_website.profile_page,Step 1,Step 1,
hubkilo_website,model_terms,"ir.ui.view,arch_db",hubkilo_website.profile_page,step 2,step 2,
hubkilo_website,model_terms,"ir.ui.view,arch_db",hubkilo_website.profile_page,ID-Number,ID-Number,
hubkilo_website,model_terms,"ir.ui.view,arch_db",hubkilo_website.profile_page,male,male,
hubkilo_website,model_terms,"ir.ui.view,arch_db",hubkilo_website.profile_page,Update,Update,
hubkilo_website,model_terms,"ir.ui.view,arch_db",hubkilo_website.profile_page,"<i class=""fa fa-check-circle"" style=""font-size:28px;color:#4fbf65;margin-right:10px""/>Alert","<i class=""fa fa-check-circle"" style=""font-size:28px;color:#4fbf65;margin-right:10px""/>Alert",
hubkilo_website,model_terms,"ir.ui.view,arch_db",hubkilo_website.profile_page,Select type,Select type,
hubkilo_website,model_terms,"ir.ui.view,arch_db",hubkilo_website.profile_page,check verify,check verify,
hubkilo_website,model_terms,"ir.ui.view,arch_db",hubkilo_website.receiver,My Parcels,Mes colis,
hubkilo_website,model_terms,"ir.ui.view,arch_db",hubkilo_website.receiver,No Parcels,Pas de colis,
hubkilo_website,model_terms,"ir.ui.view,arch_db",hubkilo_website.receiver_profile,My Parcels,Mes colis,
hubkilo_website,model_terms,"ir.ui.view,arch_db",hubkilo_website.receiver_profile,No Parcels,Pas de colis,
hubkilo_website,model_terms,"ir.ui.view,arch_db",hubkilo_website.shipping,ACCEPTED,ACCEPTÉ,
hubkilo_website,model_terms,"ir.ui.view,arch_db",hubkilo_website.shipping,PAID,PAYÉ,
hubkilo_website,model_terms,"ir.ui.view,arch_db",hubkilo_website.shipping,+ Ship again,+ Expédier à nouveau,
hubkilo_website,model_terms,"ir.ui.view,arch_db",hubkilo_website.shipping,RECEIVED,REÇU,
hubkilo_website,model_terms,"ir.ui.view,arch_db",hubkilo_website.shipping,"<span class=""visually-hidden"">Loading...</span>","<span class=""visually-hidden"">Loading...</span>",
hubkilo_website,model_terms,"ir.ui.view,arch_db",hubkilo_website.shipping,My Shippings,Mes expéditions,
hubkilo_website,model_terms,"ir.ui.view,arch_db",hubkilo_website.shipping,PENDING,EN ATTENTE,
hubkilo_website,model_terms,"ir.ui.view,arch_db",hubkilo_website.shipping,ALL,TOUT,
hubkilo_website,model_terms,"ir.ui.view,arch_db",hubkilo_website.shipping,CANCEL,ANNULER,
hubkilo_website,model_terms,"ir.ui.view,arch_db",hubkilo_website.shipping_details,My Shipping Details,Mes détails d'expédition,
hubkilo_website,model_terms,"ir.ui.view,arch_db",hubkilo_website.shipping_details,"<span class=""visually-hidden"">Loading...</span>","<span class=""visually-hidden"">Loading...</span>",
hubkilo_website,model_terms,"ir.ui.view,arch_db",hubkilo_website.shipping_traveler_details,Receiver Email,E-mail du bénéficiaire,
hubkilo_website,model_terms,"ir.ui.view,arch_db",hubkilo_website.shipping_traveler_details,Shipping price,Prix de l'expédition,
hubkilo_website,model_terms,"ir.ui.view,arch_db",hubkilo_website.shipping_traveler_details,Geo Longitude,Géolongitude,
hubkilo_website,model_terms,"ir.ui.view,arch_db",hubkilo_website.shipping_traveler_details,Receiver Address,Adresse du bénéficiaire,
hubkilo_website,model_terms,"ir.ui.view,arch_db",hubkilo_website.shipping_traveler_details,Receiver,Bénéficiaire,
hubkilo_website,model_terms,"ir.ui.view,arch_db",hubkilo_website.shipping_traveler_details,SHIP/2023/000000,SHIP/2023/000000,
hubkilo_website,model_terms,"ir.ui.view,arch_db",hubkilo_website.shipping_traveler_details,"<i class=""fas fa-exclamation-triangle"" style=""font-size:28px;color:red;margin-right:10px""/>Alert","<i class=""fas fa-exclamation-triangle"" style=""font-size:28px;color:red;margin-right:10px""/>Alerte",
hubkilo_website,model_terms,"ir.ui.view,arch_db",hubkilo_website.shipping_traveler_details,Geo Latitude,Géo Latitude,
hubkilo_website,model_terms,"ir.ui.view,arch_db",hubkilo_website.shipping_traveler_details,Close,Fermer,
hubkilo_website,model_terms,"ir.ui.view,arch_db",hubkilo_website.shipping_traveler_details,General Informations,Informations générales,
hubkilo_website,model_terms,"ir.ui.view,arch_db",hubkilo_website.shipping_traveler_details,Shipping creation date,Date de création de l'expédition,
hubkilo_website,model_terms,"ir.ui.view,arch_db",hubkilo_website.shipping_traveler_details,Code,Code,
hubkilo_website,model_terms,"ir.ui.view,arch_db",hubkilo_website.shipping_traveler_details,Luggages,Bagages,
hubkilo_website,model_terms,"ir.ui.view,arch_db",hubkilo_website.shipping_traveler_details,Average total weight,Poids total moyen,
hubkilo_website,model_terms,"ir.ui.view,arch_db",hubkilo_website.shipping_traveler_details,Luggage Cost,Coût des bagages,
hubkilo_website,model_terms,"ir.ui.view,arch_db",hubkilo_website.shipping_traveler_details,Zoomed Attachment,Pièce jointe zoomée,
hubkilo_website,model_terms,"ir.ui.view,arch_db",hubkilo_website.shipping_traveler_details,Receiver And Cost Infos,Informations sur le bénéficiaire et les coûts,
hubkilo_website,model_terms,"ir.ui.view,arch_db",hubkilo_website.shipping_traveler_details,Fees cost,Coût des frais,
hubkilo_website,model_terms,"ir.ui.view,arch_db",hubkilo_website.shipping_traveler_details,Travel booking,Réservation de voyage,
hubkilo_website,model_terms,"ir.ui.view,arch_db",hubkilo_website.shipping_traveler_details,Travel type,Type de voyage,
hubkilo_website,model_terms,"ir.ui.view,arch_db",hubkilo_website.shipping_traveler_details,Receiver Phone,Tel du Bénéficiaire,
hubkilo_website,model_terms,"ir.ui.view,arch_db",hubkilo_website.shipping_traveler_details,0.00 €,0.00 €,
hubkilo_website,model_terms,"ir.ui.view,arch_db",hubkilo_website.shipping_traveler_details,Sender,Expéditeur,
hubkilo_website,model_terms,"ir.ui.view,arch_db",hubkilo_website.shipping_traveler_details,Transaction Cost,Coût de transaction,
hubkilo_website,model_terms,"ir.ui.view,arch_db",hubkilo_website.updateProfile,female,femelle,
hubkilo_website,model_terms,"ir.ui.view,arch_db",hubkilo_website.updateProfile,Sex,Sexe,
hubkilo_website,model_terms,"ir.ui.view,arch_db",hubkilo_website.updateProfile,male,mâle,
hubkilo_website,model_terms,"ir.ui.view,arch_db",hubkilo_website.updateProfile,Gender,Genre,
hubkilo_website,model_terms,"ir.ui.view,arch_db",hubkilo_website.updateProfile,Full Name,Nom et prénom,
hubkilo_website,model_terms,"ir.ui.view,arch_db",hubkilo_website.updateProfile,Place of birth,Lieu de naissance,
hubkilo_website,model_terms,"ir.ui.view,arch_db",hubkilo_website.updateProfile,Residential address,Adresse résidentielle,
hubkilo_website,model_terms,"ir.ui.view,arch_db",hubkilo_website.updateProfile,Edit Profile,Editer le profil,
hubkilo_website,model_terms,"ir.ui.view,arch_db",hubkilo_website.updateProfile,Phone,Téléphone,
hubkilo_website,model_terms,"ir.ui.view,arch_db",hubkilo_website.updateProfile,Update Your Account,Mettre à jour votre compte,
hubkilo_website,model_terms,"ir.ui.view,arch_db",hubkilo_website.updateProfile,Update,Mise à jour,
hubkilo_website,model_terms,"ir.ui.view,arch_db",hubkilo_website.updateProfile,Email,E-mail,
hubkilo_website,model_terms,"ir.ui.view,arch_db",hubkilo_website.updateProfile,Date of birth,Date de naissance,
hubkilo_website,model_terms,"ir.ui.view,arch_db",hubkilo_website.voyages,All,Tout,
hubkilo_website,model_terms,"ir.ui.view,arch_db",hubkilo_website.voyages,Type of travel,Type de voyage,
hubkilo_website,model_terms,"ir.ui.view,arch_db",hubkilo_website.voyages,Air,Aérien,
hubkilo_website,model_terms,"ir.ui.view,arch_db",hubkilo_website.voyages,"Explore Our <span class=""text-primary text-uppercase"">Travels</span>","Explorez nos <span class=""text-primary text-uppercase"">Voyages</span>",
hubkilo_website,model_terms,"ir.ui.view,arch_db",hubkilo_website.voyages,Departure City,Ville de départ,
hubkilo_website,model_terms,"ir.ui.view,arch_db",hubkilo_website.voyages,+ Add New Travel,+ Ajouter un nouveau voyage,
hubkilo_website,model_terms,"ir.ui.view,arch_db",hubkilo_website.voyages,"<span class=""visually-hidden"">Loading...</span>","<span class=""visually-hidden"">Loading...</span>",
hubkilo_website,model_terms,"ir.ui.view,arch_db",hubkilo_website.voyages,Arrival City,ville d'arrivée,
hubkilo_website,model_terms,"ir.ui.view,arch_db",hubkilo_website.voyages,Travels,Voyages,
hubkilo_website,model_terms,"ir.ui.view,arch_db",hubkilo_website.voyages,Road,Terrestre,
hubkilo_website,model_terms,"ir.ui.view,arch_db",hubkilo_website.voyages,My Travels,Mes voyages,
hubkilo_website,model_terms,"ir.ui.view,arch_db",hubkilo_website.voyages,"My <span class=""text-primary text-uppercase"">Travels</span>","Mes <span class=""text-primary text-uppercase"">Voyages</span>",
hubkilo_website,model_terms,"ir.ui.view,arch_db",hubkilo_website.voyages_page,"<i class=""fa fa-cloud-upload"" style=""color: white; ""/> Choose image","<i class=""fa fa-cloud-upload"" style=""color: white; ""/> Choisir une image",
hubkilo_website,model_terms,"ir.ui.view,arch_db",hubkilo_website.voyages_page,female,femelle,
hubkilo_website,model_terms,"ir.ui.view,arch_db",hubkilo_website.voyages_page,Gender,Genre,
hubkilo_website,model_terms,"ir.ui.view,arch_db",hubkilo_website.voyages_page,Sex,Sexe,
hubkilo_website,model_terms,"ir.ui.view,arch_db",hubkilo_website.voyages_page,Unverified,Non vérifié,
hubkilo_website,model_terms,"ir.ui.view,arch_db",hubkilo_website.voyages_page,Place of birth,Lieu de naissance,
hubkilo_website,model_terms,"ir.ui.view,arch_db",hubkilo_website.voyages_page,Residential address,Adresse résidentielle,
hubkilo_website,model_terms,"ir.ui.view,arch_db",hubkilo_website.voyages_page,"<span class=""side_bar_item_icon_text"" data-step1=""4"">User Verification</span>","<span class=""side_bar_item_icon_text"" data-step1=""4"">Vérification de l'utilisateur</span>",
hubkilo_website,model_terms,"ir.ui.view,arch_db",hubkilo_website.voyages_page,Phone,Téléphone,
hubkilo_website,model_terms,"ir.ui.view,arch_db",hubkilo_website.voyages_page,Update Now,Mettez à jour maintenant,
hubkilo_website,model_terms,"ir.ui.view,arch_db",hubkilo_website.voyages_page,Verified,Vérifié,
hubkilo_website,model_terms,"ir.ui.view,arch_db",hubkilo_website.voyages_page,Street,Rue,
hubkilo_website,model_terms,"ir.ui.view,arch_db",hubkilo_website.voyages_page,"See your shipping <i class=""fas fa-arrow-right""/>","Voir vos expéditions <i class=""fas fa-arrow-right""/>",
hubkilo_website,model_terms,"ir.ui.view,arch_db",hubkilo_website.voyages_page,Email,E-mail,
hubkilo_website,model_terms,"ir.ui.view,arch_db",hubkilo_website.voyages_page,Date of birth,Date de naissance,
hubkilo_website,model_terms,"ir.ui.view,arch_db",hubkilo_website.voyages_page,Save,Sauvegarder,
hubkilo_website,model_terms,"ir.ui.view,arch_db",hubkilo_website.voyages_page,"<span class=""side_bar_item_icon_number"">4</span>","<span class=""side_bar_item_icon_number"">4</span>",
hubkilo_website,model_terms,"ir.ui.view,arch_db",hubkilo_website.voyages_page,"<span class=""side_bar_item_icon_text activeText"" data-step1=""1"">Luggage Type</span>","<span class=""side_bar_item_icon_text activeText"" data-step1=""1"">Type de bagage</span>",
hubkilo_website,model_terms,"ir.ui.view,arch_db",hubkilo_website.voyages_page,unverified,Non vérifié,
hubkilo_website,model_terms,"ir.ui.view,arch_db",hubkilo_website.voyages_page,"<span class=""side_bar_item_icon_number"">5</span>","<span class=""side_bar_item_icon_number"">5</span>",
hubkilo_website,model_terms,"ir.ui.view,arch_db",hubkilo_website.voyages_page,"<span class=""side_bar_item_icon_text"" data-step1=""2"">Luggage Model</span>","<span class=""side_bar_item_icon_text"" data-step1=""2"">Modèle de bagage</span>",
hubkilo_website,model_terms,"ir.ui.view,arch_db",hubkilo_website.voyages_page,Receiver picture,Image du bénéficiaire,
hubkilo_website,model_terms,"ir.ui.view,arch_db",hubkilo_website.voyages_page,"<span class=""side_bar_item_icon_number"">1</span>","<span class=""side_bar_item_icon_number"">1</span>",
hubkilo_website,model_terms,"ir.ui.view,arch_db",hubkilo_website.voyages_page,Beneficiary's city,Ville du bénéficiaire,
hubkilo_website,model_terms,"ir.ui.view,arch_db",hubkilo_website.voyages_page,Add a new receiver,Ajouter un nouveau bénéficiaire,
hubkilo_website,model_terms,"ir.ui.view,arch_db",hubkilo_website.voyages_page,successfully done,réalisé avec succès,
hubkilo_website,model_terms,"ir.ui.view,arch_db",hubkilo_website.voyages_page,"<span class=""side_info_header_title"">Receiver Infos</span>","<span class=""side_info_header_title"">Informations sur le bénéficiaire</span>",
hubkilo_website,model_terms,"ir.ui.view,arch_db",hubkilo_website.voyages_page,"<span class=""side_bar_item_icon_number"">3</span>","<span class=""side_bar_item_icon_number"">3</span>",
hubkilo_website,model_terms,"ir.ui.view,arch_db",hubkilo_website.voyages_page,"<span class=""side_info_header_title"">Select A Luggage Model</span>","<span class=""side_info_header_title"">Sélectionnez Un Modèle De Bagage</span>",
hubkilo_website,model_terms,"ir.ui.view,arch_db",hubkilo_website.voyages_page,BACK,RETOUR,
hubkilo_website,model_terms,"ir.ui.view,arch_db",hubkilo_website.voyages_page,BRIEFCASE,MALLETTE,
hubkilo_website,model_terms,"ir.ui.view,arch_db",hubkilo_website.voyages_page,User Already Exist in HubKilo click here to select him,L'utilisateur existe déjà dans HubKilo, cliquez ici pour le sélectionner,
hubkilo_website,model_terms,"ir.ui.view,arch_db",hubkilo_website.voyages_page,Users in HubKilo,Utilisateurs dans HubKilo,
hubkilo_website,model_terms,"ir.ui.view,arch_db",hubkilo_website.voyages_page,TRAVEL/,TRAVEL/,
hubkilo_website,model_terms,"ir.ui.view,arch_db",hubkilo_website.voyages_page,"<span class=""side_bar_item_icon_text"" data-step1=""3"">Luggage Images</span>","<span class=""side_bar_item_icon_text"" data-step1=""3"">Images de bagages</span>",
hubkilo_website,model_terms,"ir.ui.view,arch_db",hubkilo_website.voyages_page,NEXT STEP,L'ÉTAPE SUIVANTE,
hubkilo_website,model_terms,"ir.ui.view,arch_db",hubkilo_website.voyages_page,"<span class=""side_info_header_title"">Select Luggage Type</span>","<span class=""side_info_header_title"">Sélectionnez le type de bagage</span>",
hubkilo_website,model_terms,"ir.ui.view,arch_db",hubkilo_website.voyages_page,"<i class=""fas fa-exclamation-triangle"" style=""font-size:28px;color:red;margin-right:10px""/>Alert","<i class=""fas fa-exclamation-triangle"" style=""font-size:28px;color:red;margin-right:10px""/>Alerte",
hubkilo_website,model_terms,"ir.ui.view,arch_db",hubkilo_website.voyages_page,verified,vérifié,
hubkilo_website,model_terms,"ir.ui.view,arch_db",hubkilo_website.voyages_page,Height,Hauteur,
hubkilo_website,model_terms,"ir.ui.view,arch_db",hubkilo_website.voyages_page,Close,Fermer,
hubkilo_website,model_terms,"ir.ui.view,arch_db",hubkilo_website.voyages_page,Width,Largeur,
hubkilo_website,model_terms,"ir.ui.view,arch_db",hubkilo_website.voyages_page,"<span class=""side_bar_item_icon_text"" data-step1=""5"">Receiver Details</span>","<span class=""side_bar_item_icon_text"" data-step1=""5"">Détails du bénéficiaire</span>",
hubkilo_website,model_terms,"ir.ui.view,arch_db",hubkilo_website.voyages_page,Weight,Poids,
hubkilo_website,model_terms,"ir.ui.view,arch_db",hubkilo_website.voyages_page,Phone No,Téléphone No,
hubkilo_website,model_terms,"ir.ui.view,arch_db",hubkilo_website.voyages_page,SUITCASE,VALISE,
hubkilo_website,model_terms,"ir.ui.view,arch_db",hubkilo_website.voyages_page,"<span class=""side_bar_item_icon_text"" data-step1=""6"">Confirm Details</span>","<span class=""side_bar_item_icon_text"" data-step1=""6"">Confirmer les détails</span>",
hubkilo_website,model_terms,"ir.ui.view,arch_db",hubkilo_website.voyages_page,SUBMIT AND SHIP NOW,SOUMETTRE ET EXPÉDIER MAINTENANT,
hubkilo_website,model_terms,"ir.ui.view,arch_db",hubkilo_website.voyages_page,Complete Information Here,Complétez vos informations ici,
hubkilo_website,model_terms,"ir.ui.view,arch_db",hubkilo_website.voyages_page,"<span>
        <i class=""fas fa-address-book"" style=""margin-right:5px""/>
        My Receiver List
      </span>
      <i class=""fas fa-angle-down""/>","<span>
        <i class=""fas fa-address-book"" style=""margin-right:5px""/>
        Ma liste de bénéficiaires
      </span>
      <i class=""fas fa-angle-down""/>",
hubkilo_website,model_terms,"ir.ui.view,arch_db",hubkilo_website.voyages_page,"<span class=""side_bar_item_icon_number"">2</span>","<span class=""side_bar_item_icon_number"">2</span>",
hubkilo_website,model_terms,"ir.ui.view,arch_db",hubkilo_website.voyages_page,"<span class=""side_bar_item_icon_number"">6</span>","<span class=""side_bar_item_icon_number"">6</span>",
hubkilo_website,model_terms,"ir.ui.view,arch_db",hubkilo_website.voyages_page,"<span class=""side_bar_item_icon_text"" data-step1=""7"">Successful</span>","<span class=""side_bar_item_icon_text"" data-step1=""7"">Réussi</span>",
hubkilo_website,model_terms,"ir.ui.view,arch_db",hubkilo_website.voyages_page,"<span class=""side_info_header_title"">Select Luggage Images</span>","<span class=""side_info_header_title"">Sélectionnez Des Images De Bagages</span>",
hubkilo_website,model_terms,"ir.ui.view,arch_db",hubkilo_website.voyages_page,"<span class=""side_info_header_title"">User Verification</span>","<span class=""side_info_header_title"">Vérification de l'utilisateur</span>",
hubkilo_website,model_terms,"ir.ui.view,arch_db",hubkilo_website.voyages_page,male,mâle,
hubkilo_website,model_terms,"ir.ui.view,arch_db",hubkilo_website.voyages_page,Name,Nom,
hubkilo_website,model_terms,"ir.ui.view,arch_db",hubkilo_website.voyages_page,Select a receiver,Sélectionnez un bénéficiaire,
hubkilo_website,model_terms,"ir.ui.view,arch_db",hubkilo_website.voyages_page,"<span class=""side_info_header_title"">Successful</span>","<span class=""side_info_header_title"">Réussi</span>",
hubkilo_website,model_terms,"ir.ui.view,arch_db",hubkilo_website.voyages_page,"<span class=""side_info_header_title"">Confirm Details</span>","<span class=""side_info_header_title"">Confirmer les détails</span>",
hubkilo_website,model_terms,"ir.ui.view,arch_db",hubkilo_website.voyages_page,Description,Description,
hubkilo_website,model_terms,"ir.ui.view,arch_db",hubkilo_website.voyages_page,"NEXT
                        STEP","L'ÉTAPE SUIVANTE",
hubkilo_website,model_terms,"ir.ui.view,arch_db",hubkilo_website.voyages_page,"<i class=""fa fa-check-circle"" style=""font-size:28px;color:#4fbf65;margin-right:10px""/>Alert","<i class=""fa fa-check-circle"" style=""font-size:28px;color:#4fbf65;margin-right:10px""/>Alerte",
hubkilo_website,model_terms,"ir.ui.view,arch_db",hubkilo_website.voyages_page,Shipping created successfully,Expédition créée avec succès,
hubkilo_website,model_terms,"ir.ui.view,arch_db",hubkilo_website.voyages_page,check verify,check verify,
hubkilo_website,model_terms,"ir.ui.view,arch_db",hubkilo_website.voyages_page,"<span class=""side_bar_item_icon_number"">7</span>","<span class=""side_bar_item_icon_number"">7</span>",
hubkilo_website,model_terms,"ir.ui.view,arch_db",hubkilo_website.voyages_page,ENVELOP,ENVELOPPE,
hubkilo_website,model_terms,"ir.ui.view,arch_db",hubkilo_website.voyages_page,"<i class=""fa fa-cloud-upload"" style=""color: white; ""/> Upload","<i class=""fa fa-cloud-upload"" style=""color: white; ""/> Téléverser"