<?xml version="1.0" encoding="utf-8"?>
<odoo>
    <data noupdate="0">
        <!-- Email Template -->
        <record id="hubkilo_send_attachment_expiry_notification" model="mail.template">
            <field name="name">Hubkilo Mail for Attachment Expiry Reminder</field>
            <field name="model_id" ref="m1st_hk_roadshipping.model_ir_attachment"/>
            <field name="subject">Attachment Expiry Reminder</field>
            <field name="email_from">{{object.company_id.email}}</field>
            <field name="email_to">{{object.partner_id.email}}</field>
            <field name="auto_delete" eval="False"/>
            <field name="body_html" type="html">

                <html>
                <head>
                    <meta charset="UTF-8"/>
                    <title>Attachment Expiry Reminder</title>
                </head>
                <body style="font-family: 'Roboto', sans-serif; background-color: #e2e2e2; margin: 0; padding: 0;">
                    <div class="email-wrapper animated-fadeIn" style="max-width: 600px; margin: 20px auto; padding: 10px 20px; background-color: #ffffff; border-radius: 10px; box-shadow: 10px 10px 10px 10px rgba(0, 0, 0, 0.1); z-index: 4;">
                        <div class="header" style="text-align: center; padding: 20px 0; background-color: #007BFF; border-top-left-radius: 10px; border-top-right-radius: 10px;">
                            <img class="logo" src="https://drive.google.com/uc?export=view&amp;id=11quXHiWTQ8mIYBSlX9byZKlfRJmLpoZy" alt="Your App Logo" style="max-width: 110px;"/>
                            <h2 style="margin: 10px 0; font-size: 32px; color: #ffffff;">Attachment Expiry Reminder</h2>
                        </div>
                        <div class="content" style="padding: 20px 0;">
                            <p>Hello <strong><t t-out="object.partner_id.name or ''">Brandon Freeman</t></strong>,</p>
                            <p>This is a notification that your attachment will soon expire.</p>
                            <p>Please take the necessary actions to renew or update your attachment.</p>
                            <p>Best regards,</p>
                        </div>
                        <div class="footer" style="padding: 20px 0; text-align: center; color: #888888; font-size: 14px; background-color: #f2f2f2; border-bottom-left-radius: 10px; border-bottom-right-radius: 10px;">
                            <p>If you have any questions or need assistance, please contact us at <br/><t t-out="object.company_id.email or ''">admin@gmail.com</t>.</p>
                            <p>Best regards,<br/>Hubkilo Team</p>
                        </div>
                    </div>
                </body>
                </html>

            </field>
        </record>
    </data>
</odoo>