<odoo>


    <template id="inssssdex">
      <t t-call="website.layout">
      <t t-set="title">  New Rec</t>
        <div class="oe_structure">
             <div class="container" style="margin-top:1rem; margin-bottom:2rem">
<!--                 <t t-foreach="new_products" t-as="new_product">-->
<!--                     <ul>-->
<!--                         <li>-->
<!--                             <t t-esc="new_product.name"/>-->
<!--                         </li>-->
<!--                     </ul>-->
<!--                 </t>-->

                     <link rel="stylesheet" href="/test_project/static/src/css/bootstrap.min.css"/>
    <script src="/test_project/static/src/js/jquery.min.js"></script>
    <script src="/test_project/static/src/js/bootstrap.min.js"></script>
    <script src='https://kit.fontawesome.com/a076d05399.js' crossorigin='anonymous'></script>

              <div class="row" >
    <div class="col-xl-7">
        <div class="flex-column flex-lg-row-auto " style="margin-top:3rem">
      <!--begin::Card-->
 <div class="container">
  <div class="row">
    <div class="col-12 col-sm-4 col-md-6 col-lg-12">
      <div class="card z-index-3">
        <div class="card-body text-center">
<!--          <img class="avatar rounded-circle" src="/test_project/static/blaise.jpg" alt="Bologna"/>-->
          <h4 class="card-title">
              <t t-out="user_name" contenteditable="false" data-oe-t-inline="true"></t></h4>
          <h6 class="card-subtitle mb-2 text-muted">
              <t t-out="user_email" contenteditable="false" data-oe-t-inline="true"></t></h6>

            <div class="d-flex flex-stack flex-grow-1 mb-10">
              <!--begin::Content-->
              <div class="fw-semobold">
                <div class="fs-10 text-gray-700 ">
                    Cher client, vous avez besoin de <a href="#" class="me-1">
                    <t t-out="manager_bonus" contenteditable="false" data-oe-t-inline="true"></t>
                </a> points
                    équivalent au nombre de coiffure qu'il vous faut
                    pour obtenir un bonus équivalent à une coiffure offerte

                </div>
              </div>
              <!--end::Content-->
            </div>
            <a href="#" class="btn btn-outline-info w-xl-100px mt-3">
                <div class="fs-4 fw-bold text-gray-700">
                  <span class="w-50px">
                      <t t-out="client_points" contenteditable="false" data-oe-t-inline="true"></t></span>

                  <i class="fa fa-arrow-circle-up" style="font-size:18px;color:green"></i>
                </div>
                <div class="fw-semobold text-muted">Point(s)</div></a>
            <a href="#" class="btn btn-outline-info w-xl-100px mt-3">
                 <div class="fs-1 fw-bold text-gray-700">
                  <span class="w-50px" >
                      <t t-out="client_bonus" contenteditable="false" data-oe-t-inline="true"></t></span>

                  <i class="fa fa-arrow-up" style="font-size:18px;color:green"></i>
                </div>
                <div class="fw-semobold text-muted">Bonus</div>
            </a>
        </div>
      </div>
    </div>
  </div>
</div>

      <!--end::Connected Accounts-->
    </div>
    </div>


    <div class="col-xl-4 px-10 py-10" >

  <div>
                <img t-att-src="'data:image/png;base64,%s' % qr_img"/>
            </div>

    </div>
  </div>





             </div>
        </div>
      </t>
    </template>
</odoo>